"   ";"F_CEG";"F_ID";"F_USERNAME";"VALLALAS_ENAP";"IDO_ENAP";"BEERKEZES";"ELFOGADVA";"HATARIDO";"ELESEN";"TIPUS";"F_SUMMARY"
"1";"aegon";"10531";"zbatta";"0";"0,25";"2020-10-16 15:49:31";"2020-10-22 17:55:36";"2020-11-30";"2022-01-03 15:35:50";"mr";"RFC-2020-07244: BRUNO2 - 1 éve lezárt állapotú károk Feladatainak archiválása"
"2";"aegon";"10531";"ifok";"0";"0,16";"2020-10-16 15:49:31";"2020-10-22 17:55:36";"2020-11-30";"2022-01-03 15:35:50";"mr";"RFC-2020-07244: BRUNO2 - 1 éve lezárt állapotú károk Feladatainak archiválása"
"3";"aegon";"10986";"lkardos";"25";"0";"2021-01-19 14:45:06";"2021-10-05 19:01:22";"2022-01-31 16:00:00";"2022-02-01 06:23:25";"mr";"DEV-2020-07271 Casco ajánlatfeldolgozás automatizáció"
"4";"aegon";"11248";"tgulacsi";"3";"0,13";"2021-03-08 18:32:27";"2021-07-21 16:44:11";"2022-01-31";"2022-02-01 06:22:44";"mr";"DEV-2021-00918 - CASCO automata feldolgozást megelõzõ igények"
"5";"aegon";"11248";"nudvardi";"2";"0";"2021-03-08 18:32:27";"2021-07-21 16:44:11";"2022-01-31";"2022-02-01 06:22:44";"mr";"DEV-2021-00918 - CASCO automata feldolgozást megelõzõ igények"
"6";"aegon";"11248";"lkovacs";"2";"0,97";"2021-03-08 18:32:27";"2021-07-21 16:44:11";"2022-01-31";"2022-02-01 06:22:44";"mr";"DEV-2021-00918 - CASCO automata feldolgozást megelõzõ igények"
"7";"aegon";"11248";"lkardos";"12";"0";"2021-03-08 18:32:27";"2021-07-21 16:44:11";"2022-01-31";"2022-02-01 06:22:44";"mr";"DEV-2021-00918 - CASCO automata feldolgozást megelõzõ igények"
"8";"aegon";"11417";"ifok";"0";"0,31";"2021-04-14 22:12:52";"";"2022-01-31 11:03:00";"2022-02-08 10:22:50";"su";"INC-2021-01486_2: AD-03 haláleset helytelen hatállyal törli Bruno a szerzõdést"
"9";"aegon";"11417";"gyfeher";"0";"0,06";"2021-04-14 22:12:52";"";"2022-01-31 11:03:00";"2022-02-08 10:22:50";"su";"INC-2021-01486_2: AD-03 haláleset helytelen hatállyal törli Bruno a szerzõdést"
"10";"aegon";"11609";"akoshuszti";"44";"0";"2021-05-28 11:09:00";"2021-08-18 09:20:39";"2021-10-31 16:40:00";"2022-02-01 06:21:32";"mr";"DEV-2021-03651 - Biztosítási adó riportok megújítása GFB termékre"
"11";"aegon";"11690";"jiszlai";"0";"1,41";"2021-06-10 17:12:19";"2021-09-23 11:17:50";"2021-09-30 11:17:00";"2022-01-26 12:06:00";"mr";"Payment BPR szervezõi feladatok"
"12";"aegon";"11690";"zbatta";"0";"0,02";"2021-06-10 17:12:19";"2021-09-23 11:17:50";"2021-09-30 11:17:00";"2022-01-26 12:06:00";"mr";"Payment BPR szervezõi feladatok"
"13";"aegon";"11690";"tgulacsi";"0";"0,33";"2021-06-10 17:12:19";"2021-09-23 11:17:50";"2021-09-30 11:17:00";"2022-01-26 12:06:00";"mr";"Payment BPR szervezõi feladatok"
"14";"aegon";"11690";"lkardos";"0";"0,44";"2021-06-10 17:12:19";"2021-09-23 11:17:50";"2021-09-30 11:17:00";"2022-01-26 12:06:00";"mr";"Payment BPR szervezõi feladatok"
"15";"aegon";"11898";"sgulacsi";"2";"0";"2021-07-26 15:51:13";"2021-11-17 14:09:51";"2022-02-28 11:29:00";"2022-01-26 13:46:39";"mr";"SDEV-2021-05113 - Help balesetbiztosítás esetén csekkesek pótdíjazása"
"16";"aegon";"11898";"jiszlai";"0,3";"0,13";"2021-07-26 15:51:13";"2021-11-17 14:09:51";"2022-02-28 11:29:00";"2022-01-26 13:46:39";"mr";"SDEV-2021-05113 - Help balesetbiztosítás esetén csekkesek pótdíjazása"
"17";"aegon";"11967";"lkovacs";"0,5";"0,03";"2021-08-09 16:31:17";"2021-10-15 11:02:53";"2022-01-31 15:44:00";"2022-02-01 06:22:12";"mr";"SDEV-2021-04911 - Csekkes pótdíj OKÉ-nál"
"18";"aegon";"11967";"nudvardi";"1,5";"0,63";"2021-08-09 16:31:17";"2021-10-15 11:02:53";"2022-01-31 15:44:00";"2022-02-01 06:22:12";"mr";"SDEV-2021-04911 - Csekkes pótdíj OKÉ-nál"
"19";"aegon";"11967";"zmegyesi";"4";"1,41";"2021-08-09 16:31:17";"2021-10-15 11:02:53";"2022-01-31 15:44:00";"2022-02-01 06:22:12";"mr";"SDEV-2021-04911 - Csekkes pótdíj OKÉ-nál"
"20";"aegon";"11976";"zmegyesi";"2";"2,31";"2021-08-12 09:45:37";"2021-11-12 16:43:55";"2022-01-31 08:15:00";"2022-02-01 06:22:01";"mr";"SDEV-2021-02027 - OKÉ akciós kedvezmény paraméterezhetõségének bõvítése"
"21";"aegon";"11976";"jiszlai";"1";"0";"2021-08-12 09:45:37";"2021-11-12 16:43:55";"2022-01-31 08:15:00";"2022-02-01 06:22:01";"mr";"SDEV-2021-02027 - OKÉ akciós kedvezmény paraméterezhetõségének bõvítése"
"22";"aegon";"11976";"nudvardi";"1";"0";"2021-08-12 09:45:37";"2021-11-12 16:43:55";"2022-01-31 08:15:00";"2022-02-01 06:22:01";"mr";"SDEV-2021-02027 - OKÉ akciós kedvezmény paraméterezhetõségének bõvítése"
"23";"aegon";"11995";"lkardos";"2";"0";"2021-08-17 13:18:49";"2021-09-22 17:07:48";"2022-01-31 20:43:00";"2022-02-01 00:08:01";"mr";"SDEV-2021-03537 - Bruno2 porlasztott jutalék visszaírások kezelésének módosítása"
"24";"aegon";"12010";"zbatta";"0";"1,06";"2021-08-23 13:31:55";"2022-01-13 11:51:52";"2022-01-31 13:35:00";"2022-01-13 11:52:28";"mr";"INC-2021-0012010M - BRUNO2 és BRUNO3 PEEP létrehozás - költözés"
"25";"aegon";"12059";"zmegyesi";"1";"0,4";"2021-09-03 17:15:28";"2021-10-28 12:26:02";"2021-12-31 14:28:00";"2022-01-04 15:43:50";"mr";"DEV-2021-03782 - Lakásbiztosítási ajánlatok menesztése szemle nélkül és az ajánlatok utólagos kezelése"
"26";"aegon";"12059";"nudvardi";"1";"0,19";"2021-09-03 17:15:28";"2021-10-28 12:26:02";"2021-12-31 14:28:00";"2022-01-04 15:43:50";"mr";"DEV-2021-03782 - Lakásbiztosítási ajánlatok menesztése szemle nélkül és az ajánlatok utólagos kezelése"
"27";"aegon";"12079";"nudvardi";"1,5";"0";"2021-09-09 12:13:01";"2021-10-15 08:35:24";"2021-12-31 18:37:00";"2022-01-03 15:29:30";"mr";"SDEV-2021-02179 - Lakás kockázatelbírálás folyamatváltozás"
"28";"aegon";"12079";"zmegyesi";"2";"2,81";"2021-09-09 12:13:01";"2021-10-15 08:35:24";"2021-12-31 18:37:00";"2022-01-03 15:29:30";"mr";"SDEV-2021-02179 - Lakás kockázatelbírálás folyamatváltozás"
"29";"aegon";"12081";"ifok";"3";"2,15";"2021-09-10 11:03:20";"2021-09-28 09:34:46";"2021-12-31 13:48:00";"2022-02-09 09:58:11";"mr";"SDEV-2021-04718 - Feladatok átszignálása szabadság alatt - kiegészítés"
"30";"aegon";"12186";"lkardos";"2";"0";"2021-09-30 11:19:37";"2021-10-07 13:58:47";"2022-01-15 21:57:00";"2022-01-04 21:57:53";"mr";"RFC-2021-06461 - 2022_Alkuszi megállapodások paraméterezése betöltéssel"
"31";"aegon";"12222";"nudvardi";"0,3";"0,13";"2021-10-06 15:00:18";"2021-11-23 11:32:06";"2022-01-31 19:05:00";"2022-01-03 15:27:30";"mr";"SDEV-2021-04218 - Havi csekkes fizetési mód OKÉ termékben"
"32";"aegon";"12222";"zmegyesi";"0,5";"0";"2021-10-06 15:00:18";"2021-11-23 11:32:06";"2022-01-31 19:05:00";"2022-01-03 15:27:30";"mr";"SDEV-2021-04218 - Havi csekkes fizetési mód OKÉ termékben"
"33";"aegon";"12246";"ahuszti";"0";"3,5";"2021-10-11 18:03:43";"";"2022-01-03 15:40:06";"2021-12-29 09:44:22";"su";"T_vagyon_alldijsum tábla megszüntetése, valamint a T_vvt_bizt_reszl.F_bizt_tipus mezõ tartalmának egységesítése"
"34";"aegon";"12286";"lkovacs";"0,2";"0,23";"2021-10-22 06:37:17";"2022-01-19 16:26:08";"2022-01-31 10:51:00";"2022-02-01 09:24:22";"mr";"RFC-2021-05855 - 90-es státuszban lévõ ajánlatok kezelése"
"35";"aegon";"12429";"jiszlai";"3";"3,39";"2021-11-08 14:24:17";"2021-11-30 07:55:07";"2022-01-31 16:29:00";"2022-01-31 10:57:21";"mr";"SDEV-2021-05202 KGFB esedékességi e-mail küldéshez adatok átadása intermon részére"
"36";"aegon";"12463";"zmegyesi";"0,2";"0,19";"2021-11-15 15:25:00";"2021-12-17 12:54:25";"2022-01-03 15:40:06";"2021-12-22 18:26:03";"mr";"RFC-2021-07770 - Lakásbiztosítási kockázatelbírálásköteles területeinek módosítása"
"37";"aegon";"12464";"gyfeher";"0,8";"0";"2021-11-16 06:46:53";"2021-12-19 23:38:08";"2021-12-31 15:30:00";"2022-01-03 14:56:06";"mr";"RFC-2021-07571 - BRUNO2 - Rendszeren kívüli kárból díjra dupla tételeinek törlése"
"38";"aegon";"12466";"lkardos";"1";"0";"2021-11-16 21:59:18";"2021-12-18 09:10:49";"2022-01-31 14:25:00";"2022-02-01 00:07:08";"mr";"SDEV-2021-06886: GAP csoportos beszedés indítása"
"39";"aegon";"12467";"lmegyesi";"1";"0";"2021-11-17 08:51:58";"2021-12-06 15:19:19";"2022-01-03 15:40:06";"2021-12-20 16:20:35";"mr";"RFC-2021-07619 - KKNYR károsult gépjármû lejelentések"
"40";"aegon";"12475";"lkardos";"0,5";"0";"2021-11-17 22:37:23";"2021-11-22 11:20:11";"2021-12-30 17:06:00";"2022-01-03 14:58:10";"mr";"RFC-2021-07623 - KGFB fedezetlensegi díjak 2022"
"41";"aegon";"12478";"ifok";"0";"0,13";"2021-11-18 12:29:26";"";"2022-01-03 15:40:06";"2021-12-20 19:00:56";"hi";"INCIDENT-156 Az asszisztansz károk nem záródnak le megfelelõen"
"42";"aegon";"12486";"tgulacsi";"0";"0,19";"2021-11-19 15:27:27";"";"2021-12-31 13:16:00";"2022-02-01 11:25:51";"su";"INCIDENT-184 Bruno3 rossz címre állítja ki a díjbekérõt"
"43";"aegon";"12491";"gyadamis";"0";"1,13";"2021-11-22 08:48:19";"";"2022-02-01 06:33:03";"2022-01-31 15:46:51";"su";"INCIDENT-710 - IG3-861 - 15.3 BRUNO menüpont hibakódra keresés probléma"
"44";"aegon";"12491";"gyfeher";"0";"0,19";"2021-11-22 08:48:19";"";"2022-02-01 06:33:03";"2022-01-31 15:46:51";"su";"INCIDENT-710 - IG3-861 - 15.3 BRUNO menüpont hibakódra keresés probléma"
"45";"aegon";"12493";"lmegyesi";"0,8";"0,38";"2021-11-22 11:26:17";"2021-12-03 11:43:27";"2022-02-01 06:33:03";"2022-01-04 21:46:02";"mr";"RFC-2021-07578 - AFC_KKNYR Vezetõi Riport adatkorrekció"
"46";"aegon";"12495";"tgulacsi";"0,1";"0";"2021-11-22 12:21:47";"2021-12-01 14:57:50";"2021-12-31 16:35:00";"2022-01-03 15:34:18";"mr";"SDEV-2021-06411: BRUNO2 - Flotta ajánlat KKNYR bekérdezés - kivételkezelés"
"47";"aegon";"12495";"lkovacs";"0,1";"0";"2021-11-22 12:21:47";"2021-12-01 14:57:50";"2021-12-31 16:35:00";"2022-01-03 15:34:18";"mr";"SDEV-2021-06411: BRUNO2 - Flotta ajánlat KKNYR bekérdezés - kivételkezelés"
"48";"aegon";"12495";"lmegyesi";"0,8";"0,16";"2021-11-22 12:21:47";"2021-12-01 14:57:50";"2021-12-31 16:35:00";"2022-01-03 15:34:18";"mr";"SDEV-2021-06411: BRUNO2 - Flotta ajánlat KKNYR bekérdezés - kivételkezelés"
"49";"aegon";"12495";"dbokros";"0,1";"0";"2021-11-22 12:21:47";"2021-12-01 14:57:50";"2021-12-31 16:35:00";"2022-01-03 15:34:18";"mr";"SDEV-2021-06411: BRUNO2 - Flotta ajánlat KKNYR bekérdezés - kivételkezelés"
"50";"aegon";"12504";"lkardos";"0";"0,06";"2021-11-23 13:27:38";"";"2022-02-01 06:33:03";"2022-01-20 08:50:35";"su";"INCIDENT-313 - 19794809 - 12 hónapon túli B csatornás OKÉ átdolgozás - nem indult el a fenntartási jutalék"
"51";"aegon";"12505";"tgulacsi";"0";"0,13";"2021-11-23 21:10:39";"2022-01-14 18:23:51";"2022-02-28 08:15:00";"2022-01-13 11:01:00";"mr";"SDEV-2021-07674 - GDPR-TT Reguláris törlés"
"52";"aegon";"12505";"lkovacs";"0";"0,19";"2021-11-23 21:10:39";"2022-01-14 18:23:51";"2022-02-28 08:15:00";"2022-01-13 11:01:00";"mr";"SDEV-2021-07674 - GDPR-TT Reguláris törlés"
"53";"aegon";"12517";"lkardos";"0";"0,09";"2021-11-25 23:08:52";"";"2022-01-03 15:40:06";"2022-01-03 14:54:13";"su";"INCIDENT-498 - Flotta ajánlat feldolgozási probléma motorkerékpár esetén (20.000 Ft alatt éves díjfiz. gyak)"
"54";"aegon";"12522";"nudvardi";"0";"0,08";"2021-11-26 13:06:34";"";"2021-12-31 20:29:00";"2022-01-03 15:33:54";"su";"INCIDENT-450 Törlés után nem változik a díjrendezettség MKB-s szerzõdés esetében"
"55";"aegon";"12532";"lkardos";"0";"0,06";"2021-11-29 15:38:19";"";"2022-01-03 15:40:06";"2021-12-21 08:37:18";"su";"INCIDENT-723 - Bruno index számoló program"
"56";"aegon";"12549";"ifok";"0";"0,15";"2021-12-01 09:16:55";"";"2022-02-01 11:53:49";"2022-02-01 11:43:16";"su";"INCIDENT-851 B3-ban többszörösen jön be ugyanaz a kárbejelentés"
"57";"aegon";"12552";"ifok";"0";"0,19";"2021-12-01 10:50:31";"";"2022-01-31 11:25:00";"2022-02-01 11:25:24";"su";"INCIDENT-876 30014038 portálról nem jön be Brunoba a szaporulati lejelentés"
"58";"aegon";"12557";"zmegyesi";"0";"0,1";"2021-12-02 10:09:35";"";"2022-01-31 13:28:00";"2022-01-03 15:27:53";"mr";"INCIDENT-990 OKÉ egyedi záradék kontroll nélkül"
"59";"aegon";"12568";"ifok";"0";"0,38";"2021-12-03 10:54:14";"";"2021-12-31 20:30:00";"2022-01-03 15:33:33";"su";"INCIDENT-1078 11775983 WR01 visszavásárlása"
"60";"aegon";"12569";"ifok";"0";"0,09";"2021-12-03 12:36:39";"";"2021-12-31 20:30:00";"2022-01-03 15:32:18";"su";"INCIDENT-1096 12366877 TR 01 visszavásárlása"
"61";"aegon";"12571";"gyadamis";"0";"0,19";"2021-12-03 13:16:58";"";"2022-02-01 06:33:03";"2022-01-31 15:45:01";"su";"INCIDENT-1110 - #IGFB3 15.4-ben az értesítõ üzenet részletezõje nem hoz adatokat"
"62";"aegon";"12571";"gyfeher";"0";"0,13";"2021-12-03 13:16:58";"";"2022-02-01 06:33:03";"2022-01-31 15:45:01";"su";"INCIDENT-1110 - #IGFB3 15.4-ben az értesítõ üzenet részletezõje nem hoz adatokat"
"63";"aegon";"12577";"lkardos";"0";"0,19";"2021-12-03 15:49:17";"";"2022-01-03 15:40:06";"2022-01-03 14:57:25";"hi";"INCIDENT-1138 Jármû gyártási évét nem tölti be kézi rögzítésnél"
"64";"aegon";"12578";"lkovacs";"0,5";"0,1";"2021-12-04 09:05:04";"2021-12-06 12:09:40";"2021-12-31 11:40:00";"2022-01-03 15:34:50";"mr";"RFC-2021-07749 - BRUNO2 jogosultság svc_robotics7 usernek"
"65";"aegon";"12584";"ifok";"0";"0,31";"2021-12-06 16:30:17";"";"2022-02-01 06:33:03";"2022-01-11 08:52:01";"su";"INCIDENT-1242 Kárállapot nem változik és Feladat nem keletkezik a Bruno 2-ben"
"66";"aegon";"12588";"jiszlai";"0";"0,94";"2021-12-07 09:11:49";"";"2022-01-03 15:40:06";"2022-01-03 15:07:41";"hi";"INCIDENT-1260 AFC_Flotta_E-posta bejegyzés"
"67";"aegon";"12595";"lmegyesi";"0";"0,06";"2021-12-08 14:46:07";"";"2021-12-31 15:25:00";"2022-01-03 15:37:55";"su";"INCIDENT-791 portálon nem jelenik meg a díjrendezettség"
"68";"aegon";"12596";"zmegyesi";"0";"0,13";"2021-12-08 15:30:35";"";"2021-12-31 15:28:00";"2022-01-03 15:29:07";"su";"INCIDENT-1413 AFC_340501429 OKÉ ajánlat feldolgozásakor trigger hibaüzenet kockázatviselési cím ellenõrzésekor"
"69";"aegon";"12596";"nudvardi";"0";"0,06";"2021-12-08 15:30:35";"";"2021-12-31 15:28:00";"2022-01-03 15:29:07";"su";"INCIDENT-1413 AFC_340501429 OKÉ ajánlat feldolgozásakor trigger hibaüzenet kockázatviselési cím ellenõrzésekor"
"70";"aegon";"12600";"lkovacs";"0,2";"0";"2021-12-09 09:14:30";"2021-12-14 15:17:02";"2022-01-03 15:40:06";"2022-01-03 13:57:33";"mr";"RFC-2021-07808 - AFC_Díj átminõsítések kérése (10243636, 10240830, 10240826, 10235790, 10235791, 10235792 függõk)"
"71";"aegon";"12601";"lmegyesi";"0,5";"0";"2021-12-09 10:16:11";"2021-12-16 07:59:28";"2022-01-31 11:33:00";"2022-02-01 06:27:55";"mr";"SDEV-2021-07014  Query 26 bõvítése ""GFB következõ évi bonusz "" értékkel"
"72";"aegon";"12608";"akoshuszti";"1";"0";"2021-12-10 09:22:57";"2022-01-13 10:17:10";"2022-01-31 06:31:00";"2022-02-01 06:31:41";"mr";"DEV-2021-06902 - BRUNO3 - Primerate FTP kapcsolat"
"73";"aegon";"12610";"zmegyesi";"1,5";"0,75";"2021-12-10 10:37:40";"2021-12-21 20:43:35";"2022-01-31 14:44:00";"2022-01-25 10:17:07";"mr";"SDEV-2021-07642 - OKÉ díjszabásváltás 2022.06.01 díjfizetési kezdettõl"
"74";"aegon";"12610";"nudvardi";"2";"0";"2021-12-10 10:37:40";"2021-12-21 20:43:35";"2022-01-31 14:44:00";"2022-01-25 10:17:07";"mr";"SDEV-2021-07642 - OKÉ díjszabásváltás 2022.06.01 díjfizetési kezdettõl"
"75";"aegon";"12613";"ifok";"0";"0,13";"2021-12-10 12:14:06";"";"2022-01-03 15:40:06";"2021-12-20 19:16:58";"su";"INCIDENT-1026 BRUNO2 - BPT1 személybiztosítás kár nem lehet kiválasztani/számfejteni"
"76";"aegon";"12615";"lmegyesi";"0";"0,13";"2021-12-10 15:32:17";"";"2022-02-28 13:54:00";"2022-02-07 13:54:57";"su";"INCIDENT-1576 AFC_19995619 GFB szerzõdésre nem tudunk Bónusz elõzmény (új / módosítás) üzenetet küldeni"
"77";"aegon";"12617";"ifok";"0";"0,23";"2021-12-11 07:38:48";"";"2021-12-31 15:38:00";"2022-01-03 15:38:46";"su";"INCIDENT-1586 BRUNO3 hiba - 249447 számú kárügy - káraktanyitás nem lehetséges"
"78";"aegon";"12619";"jiszlai";"3";"3,33";"2021-12-13 08:46:26";"2021-12-21 14:18:48";"2022-01-31 21:36:00";"2022-01-31 10:58:36";"mr";"SDEV-2021-01868 GFB intervenciós lista elõállítása partnerek részére"
"79";"aegon";"12620";"lmegyesi";"1,2";"0";"2021-12-13 09:44:22";"2022-01-19 08:21:08";"2022-02-01 11:53:49";"2022-02-01 08:56:24";"mr";"RFC-2021-07825 - Kár és káros korrekció törlés"
"80";"aegon";"12627";"sgulacsi";"0,3";"0";"2021-12-13 13:44:36";"2021-12-15 15:35:22";"2022-01-31";"2022-02-01 06:24:23";"mr";"RFC-2021-07833 - Eszközalap nevének módosítása 2022.02.01-tõl BRUNO2-ben"
"81";"aegon";"12631";"lmegyesi";"0,8";"0";"2021-12-13 16:34:20";"2021-12-14 16:15:50";"2022-01-03 15:40:06";"2021-12-20 16:21:09";"mr";"RFC-2021-07839 - KEKKH H30-as hibák javítása - DNF szerzõdések"
"82";"aegon";"12633";"lkardos";"0";"0,25";"2021-12-14 09:50:29";"";"2021-12-31";"2022-01-03 14:55:04";"su";"INCIDENT-1699 19188265: LZA537 Smart Casco felmondással való törlése"
"83";"aegon";"12634";"pmolnar";"0";"0,06";"2021-12-14 11:11:01";"";"2022-02-01 06:33:03";"2022-01-04 10:24:46";"su";"Online customer service vizsgálat - Jelszókezelés"
"84";"aegon";"12635";"ifok";"0,8";"0,25";"2021-12-14 11:47:40";"2021-12-20 08:48:08";"2022-01-03 15:40:06";"2021-12-22 18:31:02";"mr";"RFC-2021-07845 - Tartalékemelés jég és egyéb elemi károkban"
"85";"aegon";"12635";"dbokros";"0,2";"0";"2021-12-14 11:47:40";"2021-12-20 08:48:08";"2022-01-03 15:40:06";"2021-12-22 18:31:02";"mr";"RFC-2021-07845 - Tartalékemelés jég és egyéb elemi károkban"
"86";"aegon";"12638";"ifok";"0";"0,42";"2021-12-14 16:29:13";"";"2021-12-31 15:37:00";"2022-01-03 15:37:17";"su";"INCIDENT-1746 BRUNO2 - GFB 15 napos határidõfigyelés hibák"
"87";"aegon";"12642";"lmegyesi";"0,3";"0";"2021-12-15 14:05:35";"2022-01-05 16:02:52";"2022-02-28 09:44:00";"2022-02-01 06:27:40";"mr";"SDEV-2021-07628 - Kármen és Kárdroid Plusz rendszer szerzõdõ születési dátum megjelenítése"
"88";"aegon";"12643";"lkardos";"0";"0,09";"2021-12-15 14:13:35";"";"2022-01-03 15:40:06";"2022-01-03 14:56:24";"hi";"INCIDENT-1847 - AFC_GFB_Motor casco hiba"
"89";"aegon";"12651";"gyadamis";"0";"0,06";"2021-12-16 09:59:18";"";"2022-01-31 15:49:00";"2022-01-05 15:49:36";"su";"INCIDENT-1876 2531 módozat rögzítése esetén ajánlat PDF feltöltésénél az alábbi hiba üzenet érkezik Bruno3-ban"
"90";"aegon";"12652";"lkardos";"0";"0,06";"2021-12-16 14:24:48";"";"2022-02-01 06:33:03";"2022-01-13 13:47:11";"su";"INCIDENT-1896 - 18842475 Útitárs Casco pótindex"
"91";"aegon";"12655";"gyadamis";"0";"0,06";"2021-12-16 16:37:32";"";"2021-12-31 20:33:00";"2022-01-03 15:28:42";"su";"INCIDENT-1933 - 15.1 menü pont"
"92";"aegon";"12655";"ifok";"0";"0,02";"2021-12-16 16:37:32";"";"2021-12-31 20:33:00";"2022-01-03 15:28:42";"su";"INCIDENT-1933 - 15.1 menü pont"
"93";"aegon";"12659";"lkardos";"0";"0,09";"2021-12-17 11:03:02";"";"2022-02-01 06:33:03";"2022-01-14 11:26:19";"su";"INCIDENT-1958 AFC_21850A módozat gyermekkedvezmény díj megjelenítési hiba"
"94";"aegon";"12660";"zmegyesi";"0";"0,25";"2021-12-17 11:26:31";"";"2022-02-01 06:33:03";"2022-01-05 17:24:21";"su";"INCIDENT-1977 - Lakás automata reaktiválás nem mûködik"
"95";"aegon";"12663";"zbatta";"3";"0,51";"2021-12-17 15:45:43";"2021-12-30 12:26:39";"2021-12-31 21:44:00";"2022-01-10 10:11:45";"mr";"Oracle komponensek frissítése"
"96";"aegon";"12667";"jiszlai";"1,2";"1,38";"2021-12-19 23:32:38";"2021-12-22 12:02:22";"2022-02-01 06:33:03";"2022-01-11 18:41:04";"mr";"RFC-2021-07881 - GFB 01.01-es pótindex küldemények leválogatás"
"97";"aegon";"12671";"lkovacs";"0,4";"0,06";"2021-12-20 15:12:26";"2022-01-04 13:25:30";"2022-01-31 18:20:00";"2022-02-01 06:24:52";"mr";"RFC-2021-07885 - LTP - LSZB kampány értékelés adatszolgáltatás - 2021 Q4"
"98";"aegon";"12673";"tgulacsi";"1,2";"0";"2021-12-20 17:39:31";"2022-01-03 15:25:07";"2022-01-31 09:19:00";"2022-01-29 09:19:28";"mr";"SDEV-2021-07887 - BRUNO2  QUICKWIN Change Request 2."
"99";"aegon";"12674";"tgulacsi";"0";"0,03";"2021-12-21 10:21:39";"";"2022-01-03 15:40:06";"2021-12-21 11:27:06";"su";"INCIDENT-1622 - GMT Éles rendszer felé hiba."
"100";"aegon";"12678";"lkardos";"1";"0";"2021-12-22 09:38:20";"";"2022-02-01 06:33:03";"2022-01-11 08:56:55";"mr";"RFC-2021-07889 - KGFB 2022.02.01-tõl javítás"
"101";"aegon";"12680";"ifok";"0";"0,33";"2021-12-23 10:49:52";"";"2021-12-31 15:35:00";"2022-01-03 15:35:19";"su";"INCIDENT-2195 12819315/1-es kárba nem tudunk belépni, egybõl hibaüzenet érkezik"
"102";"aegon";"12681";"ifok";"0";"0,25";"2021-12-29 08:03:51";"";"2022-01-31 14:52:00";"2022-02-01 06:27:28";"su";"RFC-2021-07897 - BRUNO2 - Hibás tételek korrekciója"
"103";"aegon";"12684";"zmegyesi";"0";"0,25";"2022-01-03 08:59:12";"";"2022-01-31 13:07:00";"2022-02-01 06:20:25";"su";"Zárás gyorsítása"
"104";"aegon";"12686";"ifok";"0";"0,38";"2022-01-03 12:55:31";"";"2022-01-31 14:53:00";"2022-02-01 06:26:41";"mr";"INCIDENT-2320 11909094 sz. WR-01 eltûnt róla a kárszám, de törlésre elõjegyzett"
"105";"aegon";"12690";"lkovacs";"0,1";"0,03";"2022-01-04 08:30:27";"2022-01-05 15:50:01";"2022-02-01 06:33:03";"2022-01-10 20:11:03";"mr";"RFC-2022-00011 - AFC_Menesztés kérése 340454462 KAB ajánlatra"
"106";"aegon";"12691";"gyadamis";"0";"0,06";"2022-01-04 09:21:44";"";"2022-02-01 06:33:03";"2022-01-06 09:41:50";"su";"INCIDENT-1764: Cégnév hossza 16.5 menüben - csak kérdés"
"107";"aegon";"12692";"ifok";"0";"0,21";"2022-01-04 10:51:18";"";"2022-01-31 14:54:00";"2022-02-01 06:26:22";"su";"INCIDENT-1428 Alternatív statisztikában hiányzó kárszámok"
"108";"aegon";"12693";"lmegyesi";"0,3";"0";"2022-01-04 11:44:42";"2022-01-05 11:58:52";"2022-02-01 11:53:49";"2022-02-01 08:56:59";"mr";"RFC-2022-00016 - Bónusz helyreállítás"
"109";"aegon";"12694";"gyfeher";"0,4";"0";"2022-01-04 15:01:35";"2022-01-17 17:03:56";"2022-02-28 11:35:00";"2022-02-01 00:13:36";"mr";"SDEV-2021-07882 - IGFB3 GFB kötvényesítés jelentés ajánlat vonalkóddal bõvítése"
"110";"aegon";"12695";"jiszlai";"0,5";"0,44";"2022-01-04 15:20:04";"2022-01-17 17:03:38";"2022-01-31 15:45:00";"2022-01-31 10:56:18";"mr";"SDEV-2022-00009 - GFB haláleset törlésnél ne képzõdjön csekk"
"111";"aegon";"12700";"sgulacsi";"0,3";"0";"2022-01-05 11:14:29";"2022-01-31 15:38:50";"2022-01-31 13:32:00";"2022-01-05 11:18:09";"mr";"RFC-2022-00163 - 11775983 szerzõdés vv. összege"
"112";"aegon";"12701";"jiszlai";"0";"0,02";"2022-01-05 11:47:39";"";"2022-02-01 06:33:03";"2022-01-10 13:10:58";"su";"BPT1-en havi zárás dátum átírással"
"113";"aegon";"12702";"tgulacsi";"0";"0,03";"2022-01-05 13:12:49";"";"2022-01-31 12:16:00";"2022-01-17 12:16:21";"su";"GDPRTT-726: Bruno2 Performancia teszt, Preprod - 01.05 Hibával leállt"
"114";"aegon";"12703";"lkovacs";"0";"0,13";"2022-01-05 13:28:00";"";"2022-02-26 06:24:13";"2022-02-04 17:58:52";"mr";"RFC-2022-00026 - BRUNO 2-3  42Y24 kérdés"
"115";"aegon";"12704";"lkovacs";"0";"0,02";"2022-01-05 13:33:35";"";"2022-02-01 06:33:03";"2022-01-10 09:59:15";"su";"Tábla elérhetõsége"
"116";"aegon";"12707";"zbatta";"0";"0,06";"2022-01-06 00:04:34";"";"2022-02-01 06:33:03";"2022-01-07 08:36:07";"su";"AU-18765 - BRUNO2 1.12.9 menü pont hiba"
"117";"aegon";"12708";"lkovacs";"0";"0,04";"2022-01-06 08:53:38";"";"2022-02-01 06:33:03";"2022-01-10 10:00:19";"su";"Éves zárásban hiba"
"118";"aegon";"12709";"ifok";"0";"0,1";"2022-01-06 09:09:27";"";"2022-02-01 06:33:03";"2022-01-07 12:56:52";"su";"INCIDENT-2648 - BRUNO2 - a rendszer automatikusan lezárja a még függõben lévõ kárt"
"119";"aegon";"12711";"tgulacsi";"0";"3,04";"2022-01-06 10:28:50";"";"2022-02-28 10:15:00";"2022-02-07 10:16:01";"su";"INCIDENT-2667 - KKTA 2021 Q4 csomag túl nagy"
"120";"aegon";"12713";"ifok";"0";"0,22";"2022-01-06 13:44:18";"";"2022-02-26 06:24:13";"2022-02-07 10:19:01";"su";"INCIDENT-2710 - Bruno2 átadás hiba 12867832/1"
"121";"aegon";"12714";"gyfeher";"0";"0,44";"2022-01-06 14:26:29";"";"2022-01-31 13:46:00";"2022-01-19 13:21:48";"su";"zaras [[/@aeg_prd_br_app]] ho_bruno_kar_ellenorzes elteres - 2022-01-01"
"122";"aegon";"12718";"gyfeher";"0";"0,5";"2022-01-07 07:30:45";"";"2022-01-31 09:55:00";"2022-02-01 00:14:45";"hi";"INCIDENT-2770 - 340773531 ajánlat lejelentés válaszüzenet hiba"
"123";"aegon";"12719";"ifok";"0";"0,39";"2022-01-07 08:20:25";"";"2022-02-01 06:33:03";"2022-01-20 10:25:38";"hi";"INCIDENT-2768 - 3624895 Aranyfedezet kritikus betegség szolgáltatása nem rögzíthetõ"
"124";"aegon";"12719";"vkubik";"0";"0,04";"2022-01-07 08:20:25";"";"2022-02-01 06:33:03";"2022-01-20 10:25:38";"hi";"INCIDENT-2768 - 3624895 Aranyfedezet kritikus betegség szolgáltatása nem rögzíthetõ"
"125";"aegon";"12720";"lkardos";"0";"0,19";"2022-01-07 10:08:56";"";"2022-02-01 06:33:03";"2022-02-01 00:10:13";"su";"INCIDENT-2786 - MPK Magyar Pénzügyi Közvetítõ Zrt. 0000920751"
"126";"aegon";"12721";"ahuszti";"0";"0,13";"2022-01-07 14:03:43";"";"2022-02-01 06:33:03";"2022-01-25 16:50:42";"su";"INCIDENT-2837 - LSZB kerékpárbiztosításra nem lehet kárt rögzíteni"
"127";"aegon";"12722";"zbatta";"0";"0,06";"2022-01-07 20:57:05";"";"2022-02-01 06:33:03";"2022-01-11 13:02:13";"hi";"AU-18787 - T_DJT_EURO_ZARO2 tábla - UL tartalék eltérés"
"128";"aegon";"12723";"lkardos";"0";"0,09";"2022-01-10 08:47:56";"";"2022-02-01 06:33:03";"2022-01-14 11:25:42";"su";"INC-2021-07579 - 19986457 21850A CASCO szerzõdésen gyerek kedvezmény probléma (PROD rendszeren trigger hiba)"
"129";"aegon";"12724";"jiszlai";"0,4";"0,25";"2022-01-10 09:57:53";"2022-01-10 16:34:01";"2022-01-31 14:44:00";"2022-01-11 10:59:00";"mr";"RFC-2022-00047 - KGFB szerzõdések díjfelszólító küldeményei 2021 évben"
"130";"aegon";"12725";"ifok";"0";"0,25";"2022-01-10 10:16:16";"";"2022-02-01 06:33:03";"2022-01-20 11:02:45";"hi";"INCIDENT-2915 KÁSZF módozatnál nem korrigálja a biztosítási összeget"
"131";"aegon";"12726";"ifok";"0";"0,09";"2022-01-10 10:21:27";"";"2022-02-01 06:33:03";"2022-01-20 10:27:57";"hi";"INCIDENT-2908 díjmódosításnál hibát ír ki Bruno3-ban"
"132";"aegon";"12728";"zmegyesi";"0,2";"0,13";"2022-01-10 11:36:45";"2022-01-12 08:34:24";"2022-01-31 09:19:00";"2022-02-01 06:24:35";"mr";"SDEV-2021-06603 - OKÉ szerzõdéseknél 20 ezer forint alatt"
"133";"aegon";"12728";"nudvardi";"0,2";"0,23";"2022-01-10 11:36:45";"2022-01-12 08:34:24";"2022-01-31 09:19:00";"2022-02-01 06:24:35";"mr";"SDEV-2021-06603 - OKÉ szerzõdéseknél 20 ezer forint alatt"
"134";"aegon";"12731";"zmegyesi";"0";"0,06";"2022-01-11 09:45:32";"";"2022-02-01 06:33:03";"2022-01-17 13:25:12";"su";"INCIDENT-3021 - AFC_TLP szemlés ajánlatoknál nem lehet megfelelõ engedélyezõt kiválasztani (lista nem teljes)"
"135";"aegon";"12732";"lkardos";"0";"0,19";"2022-01-11 11:24:12";"";"2022-01-31 14:59:00";"2022-02-01 06:24:11";"su";"BRUN2-4198 - ATKA adatbázis BRUNO2_DIJELOIRAS és BRUNO2_DIJELOIRAS_KIEG táblák, hibás besorolások"
"136";"aegon";"12732";"gyfeher";"0";"0,88";"2022-01-11 11:24:12";"";"2022-01-31 14:59:00";"2022-02-01 06:24:11";"su";"BRUN2-4198 - ATKA adatbázis BRUNO2_DIJELOIRAS és BRUNO2_DIJELOIRAS_KIEG táblák, hibás besorolások"
"137";"aegon";"12733";"pmolnar";"0";"0,09";"2022-01-11 12:37:58";"";"2022-02-01 06:33:03";"2022-01-26 14:43:07";"su";"INCIDENT-2999 - bojtorl AD-ból authentikáló admin user a portálon kitiltotta magát"
"138";"aegon";"12736";"lkovacs";"0";"0,14";"2022-01-11 14:50:12";"";"2022-02-01 06:33:03";"2022-02-01 06:25:33";"su";"INCIDENT-3053 - Gjm asszisztansz listából hiányzik a rendszám pannónia termék esetén"
"139";"aegon";"12736";"zmegyesi";"0";"0,03";"2022-01-11 14:50:12";"";"2022-02-01 06:33:03";"2022-02-01 06:25:33";"su";"INCIDENT-3053 - Gjm asszisztansz listából hiányzik a rendszám pannónia termék esetén"
"140";"aegon";"12739";"ahuszti";"0";"0,31";"2022-01-11 23:19:33";"";"2022-02-01 06:33:03";"2022-01-13 11:49:33";"hi";"INCIDENT-3084 - BRUNO2 napi zárás 2022.01.11 hiba"
"141";"aegon";"12740";"akoshuszti";"0";"0,06";"2022-01-12 08:42:04";"";"2022-02-01 06:33:03";"2022-01-13 16:34:04";"su";"INCIDENT-3093 - díjbekérõn hibásan jelenik meg az elszámolási idõszak"
"142";"aegon";"12741";"tgulacsi";"0";"0,17";"2022-01-12 09:53:41";"";"2022-01-31 10:14:00";"2022-02-07 10:14:13";"su";"INCIDENT-3097 - BRUNO_KÜT szerzõdések státuszai eltérnek"
"143";"aegon";"12743";"ifok";"0";"0,38";"2022-01-12 13:11:34";"";"2022-02-01 06:33:03";"2022-02-01 06:30:16";"mr";"INCIDENT-3136 Biztosított törlési hiba"
"144";"aegon";"12744";"zbatta";"0,5";"0,38";"2022-01-12 13:54:10";"2022-01-13 10:19:38";"2022-01-31 09:30:00";"2022-01-15 10:35:09";"mr";"RFC-2022-00083 - Linux és Oracle komponensek frissítése - LOG4J sérülékenység budsbruno102"
"145";"aegon";"12745";"ifok";"0";"0,03";"2022-01-13 09:30:56";"";"2022-01-31 09:50:00";"2022-01-31 15:38:11";"hi";"INCIDENT-3203 - OEP kifizetés 1.5.9.1 menüpont hiba"
"146";"aegon";"12746";"lmegyesi";"0";"0,13";"2022-01-13 09:52:43";"";"2022-02-01 06:33:03";"2022-01-14 10:16:29";"su";"INCIDENT-3225 - KKNYR várakozók listája nem képzõdött meg 2022.0110-én"
"147";"aegon";"12748";"zmegyesi";"0";"0,19";"2022-01-13 14:44:10";"";"2022-02-28 09:04:00";"2022-02-07 09:04:25";"su";"INCIDENT-3288 - AFC_340726118 ajánlat Kontaktban téves üzletkötõi kóddal látható"
"148";"aegon";"12750";"ifok";"0";"0,19";"2022-01-14 10:50:47";"";"2022-01-31 14:59:00";"2022-02-01 06:23:50";"su";"INCIDENT-3336 - BRUNO2 - Banki utalványozás számlaszám nélkül"
"149";"aegon";"12751";"lkardos";"2";"0";"2022-01-14 11:04:01";"2022-01-14 18:16:57";"2022-01-31";"2022-01-21 11:23:17";"mr";"RFC-2022-00107 - KGFB díjtarifa 2022.04.01-tõl - Bruno"
"150";"aegon";"12753";"zmegyesi";"0";"0,13";"2022-01-14 13:40:16";"";"2022-02-26 06:24:13";"2022-02-04 18:01:28";"su";"INCIDENT-3355 AFC_Elõzmény nélkül felvett OKÉ ajánlatoknál KPM probléma"
"151";"aegon";"12755";"tgulacsi";"2";"0";"2022-01-17 08:42:26";"2022-01-17 17:08:06";"2022-01-31 17:01:00";"2022-02-11 13:58:59";"mr";"TSK-2022-00118 - GDPR TT januári zárás, mint negyedéves zárás futtatásának megrendelése"
"152";"aegon";"12758";"gyfeher";"0,4";"0";"2022-01-17 09:25:03";"2022-01-17 14:14:24";"2022-02-01 06:33:03";"2022-02-01 00:11:26";"mr";"RFC-2022-00100 - KEK KH - H30-as hibák javítása - 2022.01.13. - CC"
"153";"aegon";"12759";"lkovacs";"0";"0,06";"2022-01-17 12:41:33";"";"2022-02-01 06:33:03";"2022-01-19 14:45:35";"su";"INCIDENT-3430 JUTALÉK ügy - MAGYAR ÚSZÓ SZÖVETSÉG - 31798569"
"154";"aegon";"12760";"lmegyesi";"0";"0,19";"2022-01-17 14:09:46";"";"2022-02-01 06:33:03";"2022-01-31 14:02:59";"hi";"INCIDENT-3466 Hengerûrtartalom hiba elektromos autónál"
"155";"aegon";"12760";"nudvardi";"0";"0,19";"2022-01-17 14:09:46";"";"2022-02-01 06:33:03";"2022-01-31 14:02:59";"hi";"INCIDENT-3466 Hengerûrtartalom hiba elektromos autónál"
"156";"aegon";"12761";"ifok";"0";"0,2";"2022-01-17 17:02:40";"";"2022-02-26 06:24:13";"2022-02-08 15:49:29";"su";"INCIDENT-3590 - 8170213 szerzõdésen a kifizetési adatok módosítása nem lehetséges"
"157";"aegon";"12764";"lkovacs";"0";"0,04";"2022-01-18 11:44:25";"";"2022-02-01 06:33:03";"2022-01-19 09:09:07";"su";"GTT-39 - Brunon feladás darabszám hiba"
"158";"aegon";"12766";"zmegyesi";"0";"0,5";"2022-01-18 14:12:51";"";"2022-02-01 11:53:49";"2022-02-01 08:23:05";"su";"0012079: SDEV-2021-02179 - Lakás kockázatelbírálás folyamatváltozás TESZT"
"159";"aegon";"12769";"lkardos";"0";"0,06";"2022-01-19 14:15:50";"";"2022-02-26 06:24:13";"2022-02-10 13:45:06";"su";"DEV-2021-00918 / AFPI-168-  21810 motor casco kötv. hiba: 266 -AFPI-E2635"
"160";"aegon";"12770";"lkardos";"0";"0,06";"2022-01-19 14:54:16";"";"2022-02-01 06:33:03";"2022-01-24 18:35:11";"su";"DEV-2021-00918//AFPI-169 18.3 menüpont 21850 trigger hiba rögzítésnél/"
"161";"aegon";"12771";"lkardos";"0";"0,03";"2022-01-19 15:04:04";"";"2022-02-01 06:33:00";"2022-01-24 18:35:58";"su";"DEV-2021-00918/ AFPI-170- 21850A ajánlat rögzítés hiba 18.3 menü  trigger"
"162";"aegon";"12772";"lkardos";"0";"0,03";"2022-01-19 15:23:49";"";"2022-02-01 06:33:00";"2022-01-24 18:36:38";"su";"DEV-2021-00918/ AFPI-171 21850B ajánlat rögzítés trigger  18.3. menü"
"163";"aegon";"12773";"lkardos";"0";"0,09";"2022-01-19 15:30:06";"";"2022-02-26 06:24:13";"2022-02-07 12:32:31";"su";"DEV-2021-00918/ AFPI-173  -21870  ajánlatrögzítés díjszámolás hiba 18.3"
"164";"aegon";"12774";"lkardos";"0";"0,09";"2022-01-19 15:40:40";"";"2022-02-01 06:33:00";"2022-01-24 18:37:41";"su";"DEV-2021-00918/ AFPI-174  21890-GAP 18.3 ajánlatrögítés díjszámolás hiba"
"165";"aegon";"12775";"lkardos";"0";"0,03";"2022-01-19 16:27:42";"";"2022-02-01 06:33:00";"2022-01-24 18:40:53";"su";"DEV-2021-00918 / AFPI-175 21890K GAP  ajánlatrögzítés díjszámolás hiba"
"166";"aegon";"12776";"lkardos";"0";"0,06";"2022-01-19 18:33:20";"";"2022-02-01 06:33:03";"2022-01-25 09:42:52";"su";"DEV-2020-07271 / AFPI-176 - DN esemény kerül minden átvett casco ajánlatra"
"167";"aegon";"12776";"lkovacs";"0";"0,03";"2022-01-19 18:33:20";"";"2022-02-01 06:33:03";"2022-01-25 09:42:52";"su";"DEV-2020-07271 / AFPI-176 - DN esemény kerül minden átvett casco ajánlatra"
"168";"aegon";"12787";"lkovacs";"0,5";"0,19";"2022-01-20 16:14:40";"2022-01-24 08:01:35";"2022-01-31 12:59:00";"2022-02-01 06:30:49";"mr";"SDEV-2022-00143 Casco automata manuális ág megszüntetése"
"169";"aegon";"12789";"ifok";"0";"0,13";"2022-01-21 11:08:24";"";"2022-02-28 08:41:00";"2022-02-02 08:41:45";"su";"INCIDENT-4015 Kárnavigátor 3- Bruno 3 téves feladatok generálódnak"
"170";"aegon";"12790";"sgulacsi";"0,3";"0";"2022-01-21 13:41:38";"2022-01-26 11:45:25";"2022-02-28 14:06:00";"2022-02-07 08:59:43";"mr";"RFC-2022-00145 - 4644695 ÉN/17 kezdeti biztosítási összeg módosítása"
"171";"aegon";"12798";"lkardos";"1";"0";"2022-01-25 11:41:47";"2022-01-26 12:20:11";"2022-01-31";"2022-01-28 09:38:11";"mr";"RFC-2022-00171 - 2022 áprilisi KGFB flotta szorzók"
"172";"aegon";"12802";"lmegyesi";"0";"0,63";"2022-01-26 09:43:14";"";"2022-02-26 06:24:13";"2022-02-10 15:31:24";"su";"INCIDENT-4390 - AFC_KKNYR vezetõi riport hiba"
"173";"aegon";"12804";"tgulacsi";"6";"0";"2022-01-26 12:47:56";"2022-01-26 14:48:54";"2022-01-29 06:37:00";"2022-01-30 17:34:13";"mr";"TSK-2022-00189 - Hétvégi támogatás kérése, BRUNO2 GDPR törlés"
"174";"aegon";"12805";"lmegyesi";"0,3";"0";"2022-01-26 13:05:47";"2022-01-31 15:58:37";"2022-02-28 10:54:00";"2022-02-02 15:15:17";"mr";"RFC-2022-00185 - AD-03 adatjavítások"
"175";"aegon";"12809";"ifok";"0";"0,04";"2022-01-26 13:45:39";"";"2022-02-26 06:24:13";"2022-02-08 15:25:02";"su";"RMT-23 - email küldés sikertelen"
"176";"aegon";"12810";"ifok";"0";"0,16";"2022-01-26 14:04:42";"";"2022-01-31 06:28:00";"2022-02-01 06:29:18";"su";"RMT-24 - Hibás tétel visszaküldése nem történik meg"
"177";"aegon";"12816";"ifok";"0";"0,13";"2022-01-27 11:28:57";"";"2022-02-01 06:33:03";"2022-01-31 13:33:32";"su";"INCIDENT-4520 - Kárnavigátor - Bruno hiba nem keletkezik feladat"
"178";"aegon";"12823";"gyfeher";"0";"0,08";"2022-01-28 14:49:30";"";"2022-02-28 11:01:00";"2022-02-04 14:01:11";"su";"KÉRDÉS_TSK-2022-00210 - PGW - BRUNO2 havi zárás, fõkönyvi feladás"
"179";"aegon";"12828";"lkovacs";"0,2";"0,06";"2022-01-31 08:55:40";"2022-02-01 09:42:01";"2022-02-26 06:24:13";"2022-02-04 17:57:06";"mr";"RFC-2022-00193 - AFC_Menesztés kérése 340866972 KAB ajánlatra"
"180";"aegon";"12837";"lkovacs";"0";"0,14";"2022-02-01 09:26:38";"";"2022-02-26 06:24:13";"2022-02-04 17:52:43";"su";"INCIDENT-4848 - AFC_CASCO FE átvett ajánlatokra nem került DN és 76-os esemény"
"181";"aegon";"12840";"nudvardi";"0";"0,04";"2022-02-01 10:12:07";"";"2022-02-26 06:24:13";"2022-02-04 17:51:32";"su";"INCIDENT-4864 - TLP ajánlatokat nem tudunk kötvényesíteni (trigger hibaüzenet: FRM-40735, ORA-04062)"
"182";"aegon";"12841";"tgulacsi";"0";"0,04";"2022-02-01 10:23:24";"";"2022-02-28 12:11:00";"2022-02-01 12:12:08";"su";"GTT-53: 5 kársorszámon GDPR törölt az ügyfél, nincs a GDPR_torles_tetel táblában."
"183";"aegon";"12845";"zmegyesi";"0";"0,1";"2022-02-01 10:59:40";"";"2022-02-26 06:24:13";"2022-02-07 11:23:06";"su";"RFC-2022-00249 - AFC_Csekkes díjfizetési mód 2022.02.01. aláírás elõtti ajánlatokra is számol pótdíjat BRUNO2"
"184";"aegon";"12847";"nudvardi";"0";"0,04";"2022-02-01 12:38:56";"";"2022-02-26 06:24:13";"2022-02-07 11:14:06";"su";"INCIDENT-4921 OKÉ baleseti egységszám minimum hiba 2022.06.01 díjszabásban"
"185";"aegon";"12847";"zmegyesi";"0";"0,13";"2022-02-01 12:38:56";"";"2022-02-26 06:24:13";"2022-02-07 11:14:06";"su";"INCIDENT-4921 OKÉ baleseti egységszám minimum hiba 2022.06.01 díjszabásban"
"186";"aegon";"12855";"zmegyesi";"0";"0,06";"2022-02-02 12:16:13";"";"2022-02-26 06:24:13";"2022-02-07 11:21:15";"su";"INCIDENT-4849 törölt lakás átdolgozás Sebestyén Attila 950309"
"187";"aegon";"12863";"jiszlai";"0,6";"0,56";"2022-02-03 10:11:54";"2022-02-04 15:57:29";"2022-02-26 06:24:13";"2022-02-11 20:31:02";"mr";"RFC-2022-00233 - IFRS 17 - Ingyenes fedezetet nem kérõkrõl záradék törlése + levél küldéshez feladás"
"188";"aegon";"12863";"sgulacsi";"0,4";"0";"2022-02-03 10:11:54";"2022-02-04 15:57:29";"2022-02-26 06:24:13";"2022-02-11 20:31:02";"mr";"RFC-2022-00233 - IFRS 17 - Ingyenes fedezetet nem kérõkrõl záradék törlése + levél küldéshez feladás"
"189";"aegon";"12879";"zmegyesi";"0";"0,03";"2022-02-08 08:57:50";"";"2022-02-26 06:24:13";"2022-02-10 11:23:49";"su";"INCIDENT-5438 AFC_OKÉ ajánlatok feldolgozásakor bõvített balesetbiztosítás hiba"
"190";"aegon";"12879";"nudvardi";"0";"0,03";"2022-02-08 08:57:50";"";"2022-02-26 06:24:13";"2022-02-10 11:23:49";"su";"INCIDENT-5438 AFC_OKÉ ajánlatok feldolgozásakor bõvített balesetbiztosítás hiba"
"191";"aegon";"12883";"jiszlai";"0";"0,15";"2022-02-08 11:31:19";"";"2022-02-26 06:24:13";"2022-02-10 13:58:44";"su";"INCIDENT-5410 - Szüneteltetés ideje alatt díjfelszólító"
"192";"aegon";"12885";"jiszlai";"0";"0,17";"2022-02-08 11:42:00";"";"2022-02-26 06:24:13";"2022-02-10 15:16:09";"su";"INCIDENT-5336 - Casco kötvényhez adat átadás 21850A módozatnál"
"193";"cig";"6106";"ifok";"4,5";"8,36";"2021-06-30 15:07:18";"2021-10-14 08:54:38";"2022-02-26 06:23:54";"2022-02-08 21:08:03";"mr";"Flotta casco igények"
"194";"cig";"6106";"lkardos";"15";"0,31";"2021-06-30 15:07:18";"2021-10-14 08:54:38";"2022-02-26 06:23:54";"2022-02-08 21:08:03";"mr";"Flotta casco igények"
"195";"cig";"6121";"gszelei";"5";"1,63";"2021-08-04 08:36:52";"2021-10-20 15:39:44";"2022-01-03 15:39:49";"2021-12-23 08:38:03";"mr";"Flotta casco levelezés"
"196";"cig";"6121";"akoshuszti";"8";"0,44";"2021-08-04 08:36:52";"2021-10-20 15:39:44";"2022-01-03 15:39:49";"2021-12-23 08:38:03";"mr";"Flotta casco levelezés"
"197";"cig";"6132";"akoshuszti";"0";"0,25";"2021-09-17 16:18:16";"";"2022-01-06 12:21:00";"2022-01-06 12:20:54";"su";"Díjbeszedési közbenjárásra (intervencióra) kiadandó hátralékos tételek leválogatása"
"198";"cig";"6157";"ifok";"5";"0,42";"2021-10-18 09:29:52";"";"2021-10-31 09:30:00";"2022-01-05 13:15:05";"mr";"Flotta CASCO igények - 6106 - CSV betöltés"
"199";"cig";"6158";"lkardos";"1";"0";"2021-10-18 10:54:35";"2021-10-27 16:30:30";"2021-11-30 15:56:00";"2022-01-03 15:22:20";"mr";"Flotta casco menesztés összehangolása a csv beolvasásával"
"200";"cig";"6158";"ifok";"1";"0,48";"2021-10-18 10:54:35";"2021-10-27 16:30:30";"2021-11-30 15:56:00";"2022-01-03 15:22:20";"mr";"Flotta casco menesztés összehangolása a csv beolvasásával"
"201";"cig";"6170";"akoshuszti";"0";"0,19";"2021-11-03 18:50:35";"";"2022-02-01 11:53:29";"2022-01-13 14:22:07";"su";"CODA számla betöltési hiba"
"202";"cig";"6182";"lkardos";"1";"0";"2021-11-17 08:59:25";"2021-11-23 18:33:53";"2021-12-31 17:56:00";"2022-01-03 15:22:07";"mr";"Felüljutalék számfejtése/ megjelenítés"
"203";"cig";"6184";"ifok";"3";"2,31";"2021-11-29 18:32:30";"2022-01-12 12:34:28";"2022-02-28 16:07:00";"2022-01-27 14:24:42";"mr";"Új almódozati kódok felvétele"
"204";"cig";"6186";"gyadamis";"0";"0,19";"2021-12-02 07:53:09";"";"2022-02-26 06:23:54";"2022-02-10 09:57:49";"su";"1.2.17-es menüpont, szerzõdések kézi megújítása VER"
"205";"cig";"6186";"nudvardi";"0";"0,04";"2021-12-02 07:53:09";"";"2022-02-26 06:23:54";"2022-02-10 09:57:49";"su";"1.2.17-es menüpont, szerzõdések kézi megújítása VER"
"206";"cig";"6197";"tgulacsi";"0";"0,13";"2022-01-03 16:51:06";"";"2022-01-31 18:15:00";"2022-01-20 11:40:10";"hi";"1.5.1.4. beérkezõ emailek kezelése"
"207";"cig";"6201";"tgulacsi";"0";"0,13";"2022-01-05 10:41:57";"";"2022-02-28 20:19:00";"2022-02-10 20:19:20";"su";"\\lnx-prd-as8\brc2_prd\CODA\in"
"208";"cig";"6201";"pmolnar";"0";"0,25";"2022-01-05 10:41:57";"";"2022-02-28 20:19:00";"2022-02-10 20:19:20";"su";"\\lnx-prd-as8\brc2_prd\CODA\in"
"209";"cig";"6202";"lkovacs";"0";"0,04";"2022-01-05 14:22:52";"";"2022-02-01 11:53:29";"2022-01-06 20:48:03";"su";"Éves zárás utái hiba"
"210";"cig";"6208";"tgulacsi";"0";"0,03";"2022-01-13 15:15:11";"";"2022-01-31 15:47:00";"2022-01-27 14:25:11";"su";"Ver környezetben megállt a zárás jutalékos pdf-ek beolvasásánál"
"211";"cig";"6211";"ifok";"0,1";"0,02";"2022-01-19 19:25:39";"";"2022-02-28 13:27:00";"2022-02-09 13:27:10";"mr";"CASCO üveg károk kezdeti tartaléka"
"212";"cig";"6212";"akoshuszti";"0";"0,13";"2022-01-20 14:25:48";"";"2022-02-26 06:23:54";"2022-02-09 09:32:01";"su";"Flotta szerzõdés díjbekérõ"
"213";"cig";"6214";"ifok";"0";"0,04";"2022-01-21 16:18:17";"";"2022-02-01 11:53:29";"2022-01-25 11:45:08";"su";"Megnevezés"
"214";"cig";"6221";"akoshuszti";"0";"0,31";"2022-02-04 12:43:44";"";"2022-02-26 06:23:54";"2022-02-09 10:52:46";"su";"30014089 flotta díjértesítõ"
"215";"cig";"6226";"ifok";"0";"0,06";"2022-02-08 13:28:13";"";"2022-02-28 08:36:00";"2022-02-09 08:36:49";"su";"BRUNO-KÁRNAVI éles üzenetváltás káron belül"
"216";"kobe";"14530";"lmegyesi";"2";"0,67";"2021-05-05 08:35:38";"2021-11-04 15:49:27";"2022-01-31 08:37:00";"2022-01-27 14:12:10";"mr";"GFB automata kötvényesítés - 14204 folytatás"
"217";"kobe";"14578";"ifok";"0";"1,15";"2021-05-27 13:22:27";"";"2022-02-28 10:34:00";"2022-02-11 10:34:21";"su";"0014378: EKÁR pdf kárbejelentõ csatolása"
"218";"kobe";"14578";"tgulacsi";"0";"0,01";"2021-05-27 13:22:27";"";"2022-02-28 10:34:00";"2022-02-11 10:34:21";"su";"0014378: EKÁR pdf kárbejelentõ csatolása"
"219";"kobe";"14610";"zbatta";"0";"1,13";"2021-06-09 13:50:02";"2022-01-04 14:54:05";"2021-12-18 08:13:00";"2022-01-07 08:14:57";"mr";"BRUNO ESXi hosztok frissítése"
"220";"kobe";"14672";"gyadamis";"0";"0,16";"2021-07-09 07:57:53";"";"2021-10-31 10:11:00";"2022-01-11 18:54:32";"hi";"Ügykezelõ - belsõ ügy melléklete"
"221";"kobe";"14672";"atamasi";"0";"0,03";"2021-07-09 07:57:53";"";"2021-10-31 10:11:00";"2022-01-11 18:54:32";"hi";"Ügykezelõ - belsõ ügy melléklete"
"222";"kobe";"14672";"gszelei";"0";"0,13";"2021-07-09 07:57:53";"";"2021-10-31 10:11:00";"2022-01-11 18:54:32";"hi";"Ügykezelõ - belsõ ügy melléklete"
"223";"kobe";"14672";"ifok";"0";"0,07";"2021-07-09 07:57:53";"";"2021-10-31 10:11:00";"2022-01-11 18:54:32";"hi";"Ügykezelõ - belsõ ügy melléklete"
"224";"kobe";"14774";"akoshuszti";"3,5";"0";"2021-09-07 12:13:58";"2021-12-09 08:11:17";"2022-01-31 15:54:00";"2022-02-02 18:38:03";"mr";"Otthon indexlevél sablon módosítás"
"225";"kobe";"14774";"zmegyesi";"8";"6,38";"2021-09-07 12:13:58";"2021-12-09 08:11:17";"2022-01-31 15:54:00";"2022-02-02 18:38:03";"mr";"Otthon indexlevél sablon módosítás"
"226";"kobe";"14785";"zmegyesi";"4";"1,56";"2021-09-21 08:43:58";"2021-10-25 08:35:01";"2021-12-24 12:52:00";"2022-01-03 15:22:37";"mr";"MFO indexálás 2022"
"227";"kobe";"14785";"akoshuszti";"4";"0";"2021-09-21 08:43:58";"2021-10-25 08:35:01";"2021-12-24 12:52:00";"2022-01-03 15:22:37";"mr";"MFO indexálás 2022"
"228";"kobe";"14785";"nudvardi";"1,5";"0";"2021-09-21 08:43:58";"2021-10-25 08:35:01";"2021-12-24 12:52:00";"2022-01-03 15:22:37";"mr";"MFO indexálás 2022"
"229";"kobe";"14824";"lmegyesi";"1";"0,44";"2021-10-08 13:53:12";"2021-10-15 11:51:50";"2021-11-30 11:49:00";"2022-02-07 20:38:03";"mr";"Szerzõdéskötési jog vizsgálatkor születési név összehasonlítás a név összehasonlítás helyett"
"230";"kobe";"14829";"tgulacsi";"0";"0,3";"2021-10-13 12:55:44";"";"2021-12-31 09:11:00";"2022-01-12 09:12:12";"su";"Ügykezelõ - automata tipizálási szabály kérdés"
"231";"kobe";"14838";"akoshuszti";"0,5";"0";"2021-10-18 10:27:02";"2022-01-04 07:45:51";"2022-01-31 22:03:00";"2022-01-31 10:35:37";"mr";"MB logó"
"232";"kobe";"14841";"ifok";"1,5";"0,1";"2021-10-19 15:54:05";"";"2021-11-30 12:50:00";"2022-01-12 09:14:39";"su";"DB_crashpert_kock.megrendelesek probléma"
"233";"kobe";"14850";"tgulacsi";"0,3";"0";"2021-10-22 14:51:37";"2021-12-09 15:03:16";"2021-12-31 13:41:00";"2022-01-12 09:16:21";"mr";"GFB díjszabás 2022.01.15 - új kedvezmény kezelése"
"234";"kobe";"14850";"lmegyesi";"1";"0";"2021-10-22 14:51:37";"2021-12-09 15:03:16";"2021-12-31 13:41:00";"2022-01-12 09:16:21";"mr";"GFB díjszabás 2022.01.15 - új kedvezmény kezelése"
"235";"kobe";"14857";"lmegyesi";"1";"0,25";"2021-10-26 12:00:16";"2021-12-17 08:06:15";"2022-01-31 13:05:00";"2022-01-31 20:43:04";"mr";"GFB díjszabás - kérdések"
"236";"kobe";"14858";"ifok";"1";"0,29";"2021-10-26 12:19:16";"2021-12-10 09:07:58";"2021-12-30 22:08:00";"2022-01-03 10:27:03";"mr";"Utas biztosítás - új díjtábla - kuponos akció"
"237";"kobe";"14859";"lkardos";"0";"0,06";"2021-10-27 13:09:28";"";"2022-02-01 11:53:34";"2022-01-25 14:22:47";"su";"Tagösszevonás napi zárásban kérdés/hiba"
"238";"kobe";"14866";"tgulacsi";"0";"0,13";"2021-10-29 10:41:35";"";"2021-11-30 11:24:00";"2022-01-12 09:12:35";"su";"Éles KKSzB-hez tokenek"
"239";"kobe";"14870";"lkovacs";"0";"0,23";"2021-11-02 11:54:15";"";"2022-02-01 11:53:34";"2022-01-25 13:01:25";"su";"NST E1 - MFO E1 2021Q3 eltérés"
"240";"kobe";"14874";"lmegyesi";"0,5";"0";"2021-11-03 14:10:36";"2021-11-04 14:49:58";"2021-11-30 14:08:00";"2022-01-11 08:29:34";"mr";"Szerzodes_adatok_mt14793 eljárás fejlesztése"
"241";"kobe";"14884";"lkardos";"1";"0";"2021-11-09 15:11:54";"2021-12-09 08:11:29";"2021-12-31 18:20:00";"2022-01-03 09:35:49";"mr";"LTC finanszírozói kedvezmény - MÁK társbiztosított záradék"
"242";"kobe";"14899";"lmegyesi";"1";"0,13";"2021-11-19 19:02:32";"2021-11-24 11:51:16";"2021-12-31 19:02:00";"2022-01-03 15:23:52";"mr";"szerzodes_adatok_mt14793 szûkítés törzsszámra is"
"243";"kobe";"14907";"ifok";"0,8";"0,32";"2021-11-23 15:11:31";"2021-12-02 10:33:13";"2022-01-31 13:22:00";"2022-01-03 10:27:39";"mr";"14891 ügy kapcsán fejlesztési igény"
"244";"kobe";"14909";"lmegyesi";"0";"0,38";"2021-11-23 16:03:22";"";"2021-12-31 19:08:00";"2022-01-03 15:23:12";"su";"DbKarDealer_ParkolKarbejelentes probléma"
"245";"kobe";"14915";"gyadamis";"0,3";"0,31";"2021-11-25 11:21:35";"2021-11-25 15:06:28";"2021-12-31 14:50:00";"2022-01-03 15:24:47";"mr";"IGFB3 ajánlat sztornó továbbfejlesztés"
"246";"kobe";"14917";"ifok";"0";"0,75";"2021-11-25 14:08:29";"";"2021-12-31 19:09:00";"2022-01-03 10:27:25";"su";"14472: DRS bõvítés gyorskárrendezéshez kapcsán Elszámolólap készítése"
"247";"kobe";"14929";"gyadamis";"0,1";"0,13";"2021-11-29 13:58:25";"2021-12-01 09:56:55";"2021-12-31 13:38:00";"2022-01-03 15:25:38";"mr";"Jogosultság módosítások"
"248";"kobe";"14931";"nudvardi";"0";"0,06";"2021-11-29 14:53:43";"";"2021-12-31 19:08:00";"2022-01-03 15:25:17";"su";"Számlaszámra keresés"
"249";"kobe";"14931";"gyadamis";"0";"0,38";"2021-11-29 14:53:43";"";"2021-12-31 19:08:00";"2022-01-03 15:25:17";"su";"Számlaszámra keresés"
"250";"kobe";"14935";"gyadamis";"0";"0,19";"2021-11-30 13:34:12";"";"2021-12-31 19:09:00";"2022-01-03 15:25:50";"su";"IGFB3 - SZL adatok Brunoban"
"251";"kobe";"14937";"gyadamis";"0,1";"0,19";"2021-12-01 07:42:08";"2021-12-06 14:03:35";"2021-12-31 14:02:00";"2022-01-03 15:25:28";"mr";"IGFB3 - SZL lekérdezés - kapcsolódó ügyazon hiányzik"
"252";"kobe";"14941";"lmegyesi";"0";"0,08";"2021-12-02 13:53:16";"";"2021-12-31 09:10:00";"2022-01-12 09:11:42";"su";"""torolt_ajanlat_lista"" fenntartó üzletkötõ helyett lekérdezõ dolgozó"
"253";"kobe";"14943";"lkardos";"0,5";"0";"2021-12-03 11:34:41";"2021-12-09 14:00:01";"2021-12-31 13:52:00";"2022-01-03 09:36:17";"mr";"Fedezetlenségi díjak 2022"
"254";"kobe";"14952";"tgulacsi";"0,3";"0";"2021-12-06 18:20:46";"2022-01-07 08:54:42";"2022-01-31 17:34:00";"2022-01-27 14:15:19";"mr";"Egyedi IGFB3 karbantartó üzenet"
"255";"kobe";"14952";"gyadamis";"1,5";"1,49";"2021-12-06 18:20:46";"2022-01-07 08:54:42";"2022-01-31 17:34:00";"2022-01-27 14:15:19";"mr";"Egyedi IGFB3 karbantartó üzenet"
"256";"kobe";"14956";"ifok";"0,5";"0,34";"2021-12-07 16:04:25";"2021-12-09 15:25:20";"2022-01-31 10:17:00";"2022-01-27 14:15:04";"mr";"Káridõpont módosítása bármely káron"
"257";"kobe";"14958";"lmegyesi";"1,2";"0,06";"2021-12-08 08:34:43";"2021-12-20 18:23:44";"2022-01-31 10:44:00";"2022-01-27 14:11:54";"mr";"Kockázat indítás szünet igazítás"
"258";"kobe";"14960";"gyadamis";"0";"0,06";"2021-12-09 09:24:43";"";"2021-12-31 15:26:00";"2022-01-03 15:26:22";"su";"KTNY jelentés - kibõvített hibaválasz kérés"
"259";"kobe";"14960";"lmegyesi";"0";"0,06";"2021-12-09 09:24:43";"";"2021-12-31 15:26:00";"2022-01-03 15:26:22";"su";"KTNY jelentés - kibõvített hibaválasz kérés"
"260";"kobe";"14962";"lmegyesi";"0";"0,19";"2021-12-09 12:38:14";"";"2022-02-01 11:53:34";"2022-01-25 18:01:32";"su";"DP b_dealer.felmondasra_elojegyzett üres adattábla"
"261";"kobe";"14964";"ifok";"0";"0,13";"2021-12-09 15:27:51";"";"2021-12-31 19:10:00";"2022-01-03 10:27:53";"su";"Generált levél - elszámoló lap (nem DRS)"
"262";"kobe";"14972";"ifok";"0";"0,06";"2021-12-13 10:46:42";"";"2022-01-31 17:44:00";"2022-01-06 17:44:41";"su";"Ügykezelõ - email feldolgozás állapotok vs. mozgás"
"263";"kobe";"14973";"ifok";"0";"0,07";"2021-12-13 12:16:15";"";"2022-02-01 11:53:34";"2022-01-31 11:32:14";"su";"DRS kifizetett összeg téves"
"264";"kobe";"14975";"gyfeher";"0";"0,25";"2021-12-14 12:06:17";"";"2022-01-08 18:57:00";"2021-12-27 18:57:23";"su";"IGFB3 karbantartó lejelentés feldolgozása hibás sorrendben"
"265";"kobe";"14976";"tgulacsi";"0";"0,06";"2021-12-14 12:09:41";"";"2021-12-31 09:17:00";"2022-01-12 09:17:18";"su";"WS ajánlatfeladási hiba"
"266";"kobe";"14978";"lmegyesi";"0";"0,65";"2021-12-14 14:57:38";"";"2021-12-31 19:08:00";"2022-01-11 10:36:41";"su";"MFO elektronikus betöltés"
"267";"kobe";"14979";"lkardos";"1";"0";"2021-12-14 15:38:15";"2022-01-07 09:12:05";"2022-01-31 15:22:00";"2022-01-27 14:14:18";"mr";"Jutalékösszesítõ - új oszlopok kérése"
"268";"kobe";"14982";"gyfeher";"0";"0,75";"2021-12-16 10:44:13";"";"2022-02-01 11:53:34";"2022-01-07 18:43:21";"su";"ÉM törlés zárásban értesítõ üzenet alapján - kérdés"
"269";"kobe";"14987";"zbatta";"3";"1,14";"2021-12-17 15:23:59";"2021-12-17 15:51:03";"2022-01-14 15:39:00";"2022-01-16 15:39:20";"mr";"Linux és Oracle komponensek frissítése"
"270";"kobe";"14993";"ifok";"0";"0,04";"2021-12-21 09:37:48";"";"2022-02-01 11:53:34";"2022-01-03 10:26:23";"su";"Szerzõdéscsere hiba"
"271";"kobe";"14994";"lmegyesi";"0,3";"0,25";"2021-12-21 10:14:37";"";"2022-02-01 11:53:34";"2022-01-28 15:17:05";"mr";"KTNY - késõi kár feldolgozás hiány"
"272";"kobe";"14995";"lmegyesi";"0";"0,13";"2021-12-21 13:25:44";"";"2022-02-26 06:23:59";"2022-02-10 09:05:53";"su";"DP KMFO megjelenítés - apróbb javítások"
"273";"kobe";"14997";"akoshuszti";"0,5";"0";"2021-12-22 09:54:50";"2021-12-28 12:04:02";"2021-12-31";"2022-01-03 10:32:25";"mr";"FF biztosítási kártya módosítása (473)"
"274";"kobe";"14998";"lmegyesi";"0";"0,06";"2021-12-22 10:19:12";"";"2022-01-31 10:12:00";"2022-01-27 14:14:09";"su";"Szünetre díjbekérõ"
"275";"kobe";"14998";"gyfeher";"0";"0,14";"2021-12-22 10:19:12";"";"2022-01-31 10:12:00";"2022-01-27 14:14:09";"su";"Szünetre díjbekérõ"
"276";"kobe";"14999";"ifok";"0";"0,06";"2021-12-22 16:08:45";"";"2022-02-01 11:53:34";"2022-01-03 10:26:46";"su";"Szemle helyének kitöltése"
"277";"kobe";"15006";"ifok";"0";"0,09";"2021-12-30 15:25:18";"";"2022-01-31 10:11:00";"2022-01-27 14:13:41";"su";"Hiba MFO kiemelt kár esetén"
"278";"kobe";"15009";"ifok";"0";"0,03";"2022-01-03 08:01:15";"";"2022-02-01 11:53:34";"2022-01-04 18:43:05";"su";"DRS szakértõi anyagok nem kerültek beolvasásra"
"279";"kobe";"15011";"ifok";"0";"0,31";"2022-01-03 11:51:45";"";"2022-02-01 11:53:34";"2022-01-17 17:18:02";"su";"Nem várt hiba 600 - taxi"
"280";"kobe";"15012";"nudvardi";"0";"0,08";"2022-01-03 11:55:27";"";"2022-02-03 14:27:50";"2022-02-03 10:17:38";"hi";"Otthon trigger hiba"
"281";"kobe";"15012";"zmegyesi";"0";"0,63";"2022-01-03 11:55:27";"";"2022-02-03 14:27:50";"2022-02-03 10:17:38";"hi";"Otthon trigger hiba"
"282";"kobe";"15013";"ifok";"0";"0,06";"2022-01-03 13:13:07";"";"2022-01-31 10:10:00";"2022-01-27 14:12:42";"su";"Peres regressz ügyek átvétele"
"283";"kobe";"15015";"gyadamis";"0,1";"0,06";"2022-01-03 14:25:29";"";"2022-01-31 14:19:00";"2022-01-12 14:20:06";"mr";"1.8.19 Kamatok beállítása menüponthoz hozzáférés"
"284";"kobe";"15016";"lmegyesi";"0";"0,13";"2022-01-03 14:52:20";"";"2022-02-01 11:53:34";"2022-01-07 18:43:14";"su";"LTC szerzõdésen szüneteltetés?"
"285";"kobe";"15016";"lkardos";"0";"0,22";"2022-01-03 14:52:20";"";"2022-02-01 11:53:34";"2022-01-07 18:43:14";"su";"LTC szerzõdésen szüneteltetés?"
"286";"kobe";"15018";"akoshuszti";"0,6";"0";"2022-01-03 17:08:55";"2022-01-12 09:44:06";"2022-01-31 09:01:00";"2022-01-27 14:13:27";"mr";"Fejléc jobb oldal"
"287";"kobe";"15019";"lkovacs";"0";"0,05";"2022-01-04 08:35:27";"";"2022-02-01 11:53:34";"2022-01-05 18:38:04";"su";"mozgás hibák"
"288";"kobe";"15023";"ahuszti";"0";"1,56";"2022-01-04 14:57:39";"";"2022-02-01 11:53:34";"2022-01-18 18:33:03";"su";"Otthon díjfizetési mód módosítás"
"289";"kobe";"15023";"zmegyesi";"0";"0,44";"2022-01-04 14:57:39";"";"2022-02-01 11:53:34";"2022-01-18 18:33:03";"su";"Otthon díjfizetési mód módosítás"
"290";"kobe";"15025";"ifok";"0";"0,04";"2022-01-05 08:32:17";"";"2022-02-01 11:53:34";"2022-01-13 18:38:08";"su";"Rekonstruálás - belsõ hiba (11180550)"
"291";"kobe";"15026";"gyadamis";"0";"0,03";"2022-01-05 12:09:22";"";"2022-01-31 14:11:00";"2022-01-27 14:11:38";"su";"szerzodes_adatok_mt14793 eljárás évforduló dátuma hibás"
"292";"kobe";"15028";"ifok";"0";"0,19";"2022-01-06 06:55:24";"";"2022-01-31 10:10:00";"2022-01-27 14:13:05";"su";"Hiba kárbejegyzés módosításakor"
"293";"kobe";"15031";"gyfeher";"0";"0,13";"2022-01-06 13:28:23";"";"2022-01-31 14:16:00";"2022-01-27 14:16:40";"su";"Jármûlekérdezés - név hibás kiírása (Dr.)"
"294";"kobe";"15033";"pmolnar";"0";"0,02";"2022-01-07 08:14:52";"";"2022-01-31 16:31:00";"2022-01-12 18:33:04";"su";"IGFB3 - kötvény jelentés helyett adatmódosítás üzenet"
"295";"kobe";"15033";"gyfeher";"0";"0,52";"2022-01-07 08:14:52";"";"2022-01-31 16:31:00";"2022-01-12 18:33:04";"su";"IGFB3 - kötvény jelentés helyett adatmódosítás üzenet"
"296";"kobe";"15034";"lmegyesi";"0,3";"0";"2022-01-07 11:34:06";"2022-01-10 10:48:28";"2022-01-31 10:46:00";"2022-01-19 14:38:22";"mr";"Szerzõdéskötési jog igazoltra állítás hiba"
"297";"kobe";"15035";"zbatta";"0";"0,08";"2022-01-07 12:02:55";"";"2022-01-14 20:00:00";"2022-01-16 15:40:32";"su";"USERS tablespace kvóta emelés probléma"
"298";"kobe";"15036";"tgulacsi";"0";"0,04";"2022-01-07 15:16:48";"2022-01-10 13:01:18";"2022-02-01 11:53:34";"2022-01-11 18:43:03";"mr";"Jármûlekérdezés napi zárásban -997"
"299";"kobe";"15042";"lmegyesi";"0";"0,04";"2022-01-11 09:37:44";"";"2022-01-31 10:02:00";"2022-01-13 18:38:03";"su";"15016 folytatás"
"300";"kobe";"15044";"gyadamis";"0";"0,19";"2022-01-12 09:11:33";"";"2022-02-01 11:53:34";"2022-01-13 10:15:47";"su";"Szemle státusz (kockázatelbírálás)"
"301";"kobe";"15044";"lmegyesi";"0";"0,07";"2022-01-12 09:11:33";"";"2022-02-01 11:53:34";"2022-01-13 10:15:47";"su";"Szemle státusz (kockázatelbírálás)"
"302";"kobe";"15045";"gyadamis";"0";"0,13";"2022-01-12 12:02:10";"";"2022-01-31 14:15:00";"2022-01-27 14:15:37";"su";"Módosító sorszám naplózás/megjelenítés hiba"
"303";"kobe";"15045";"nudvardi";"0";"0,17";"2022-01-12 12:02:10";"";"2022-01-31 14:15:00";"2022-01-27 14:15:37";"su";"Módosító sorszám naplózás/megjelenítés hiba"
"304";"kobe";"15049";"nudvardi";"0";"0,08";"2022-01-17 11:11:52";"";"2022-01-31 11:09:00";"2022-01-27 14:15:57";"su";"Új közterület igénylése a címtörzsbe."
"305";"kobe";"15049";"gyfeher";"0";"0,43";"2022-01-17 11:11:52";"";"2022-01-31 11:09:00";"2022-01-27 14:15:57";"su";"Új közterület igénylése a címtörzsbe."
"306";"kobe";"15052";"gyadamis";"0";"0,13";"2022-01-17 15:20:33";"";"2022-01-31 11:01:00";"2022-02-06 11:40:04";"su";"Ajánlat törlés IGFB jelentés hiba"
"307";"kobe";"15052";"nudvardi";"0";"0,1";"2022-01-17 15:20:33";"";"2022-01-31 11:01:00";"2022-02-06 11:40:04";"su";"Ajánlat törlés IGFB jelentés hiba"
"308";"kobe";"15055";"ifok";"0";"0,31";"2022-01-19 08:58:16";"";"2022-01-31 10:24:00";"2022-01-27 14:14:53";"su";"Regressz modul - hibaüzenetek"
"309";"kobe";"15056";"gyfeher";"0";"0,31";"2022-01-19 09:48:13";"";"2022-02-01 11:53:34";"2022-01-21 18:43:03";"su";"Szünet állapot hiba"
"310";"kobe";"15056";"lmegyesi";"0";"0,44";"2022-01-19 09:48:13";"";"2022-02-01 11:53:34";"2022-01-21 18:43:03";"su";"Szünet állapot hiba"
"311";"kobe";"15057";"jiszlai";"0,5";"0,5";"2022-01-19 10:48:11";"2022-01-21 06:21:39";"2022-01-31 17:26:00";"2022-01-27 13:13:49";"mr";"Nyomdai apróságok"
"312";"kobe";"15061";"ifok";"0,1";"0,06";"2022-01-20 10:28:10";"2022-01-25 14:29:46";"2022-02-28 14:02:00";"2022-01-27 14:17:09";"mr";"Szemle dátumának módosítása"
"313";"kobe";"15062";"gyadamis";"0,1";"0,06";"2022-01-20 10:30:19";"2022-01-21 14:55:47";"2022-01-31 14:55:00";"2022-01-28 08:34:58";"mr";"Jogosultsági csoport módosítása"
"314";"kobe";"15065";"ahuszti";"0";"0,13";"2022-01-21 10:53:08";"";"2022-02-03 14:27:50";"2022-02-02 18:43:03";"su";"12051492 - Otthon díjfizetési gyakoriság"
"315";"kobe";"15066";"gyadamis";"0";"0,13";"2022-01-21 11:54:15";"";"2022-02-01 11:53:34";"2022-01-31 15:40:02";"su";"Jogosultság kérdés/probléma"
"316";"kobe";"15067";"ifok";"0";"0,07";"2022-01-21 12:21:30";"";"2022-01-31 10:23:00";"2022-01-27 14:16:26";"su";"DRS anyag téves beolvasása"
"317";"kobe";"15068";"nudvardi";"0";"0,04";"2022-01-24 11:23:51";"";"2022-01-31 14:16:00";"2022-01-27 14:16:59";"su";"AKR trigger hiba INT"
"318";"kobe";"15068";"gyadamis";"0";"0,09";"2022-01-24 11:23:51";"";"2022-01-31 14:16:00";"2022-01-27 14:16:59";"su";"AKR trigger hiba INT"
"319";"kobe";"15071";"gyfeher";"0";"0,19";"2022-01-25 17:03:05";"";"2022-01-31 14:23:00";"2022-01-27 14:11:12";"su";"IGFB karbantartó feladás"
"320";"kobe";"15073";"nudvardi";"0";"0,38";"2022-01-27 08:31:13";"";"2022-02-01 11:53:34";"2022-01-31 20:43:04";"su";"12335069 Otthon kármentességi kedvezmény"
"321";"kobe";"15073";"ahuszti";"0";"0,25";"2022-01-27 08:31:13";"";"2022-02-01 11:53:34";"2022-01-31 20:43:04";"su";"12335069 Otthon kármentességi kedvezmény"
"322";"kobe";"15073";"ifok";"0";"0,04";"2022-01-27 08:31:13";"";"2022-02-01 11:53:34";"2022-01-31 20:43:04";"su";"12335069 Otthon kármentességi kedvezmény"
"323";"kobe";"15076";"lmegyesi";"0";"0,63";"2022-01-27 14:18:48";"";"2022-02-28 13:41:00";"2022-02-04 13:41:43";"su";"Szerköt jog tévesen igazoltra állítva"
"324";"kobe";"15095";"zbatta";"0";"0,03";"2022-02-03 09:17:08";"";"2022-02-28 10:03:00";"2022-02-07 10:04:04";"su";"BRUNO kliens indítás hiba"
"325";"waberer";"6732";"akoshuszti";"7,5";"0";"2021-08-09 15:53:52";"2021-11-30 17:34:08";"2021-12-31 13:33:00";"2022-01-27 14:21:25";"mr";"Brunos sablon levelek javítása, és új levelek feladása"
"326";"waberer";"6747";"ifok";"0";"0,09";"2021-09-08 10:46:08";"";"2022-02-01 06:34:12";"2022-01-22 11:31:14";"su";"db_kar_ws.dupla"
"327";"waberer";"6760";"akoshuszti";"1";"0";"2021-09-14 13:41:27";"2021-12-06 09:21:50";"2021-12-31 14:49:00";"2022-01-27 14:21:12";"mr";"MFO - indexlevél sablon"
"328";"waberer";"6769";"zmegyesi";"0,5";"0,25";"2021-09-28 15:19:01";"2021-10-28 14:37:41";"2021-12-31 12:22:00";"2022-01-12 09:28:33";"mr";"Panoráma Otthonbiztosítás megszûnési idõpontja érdekmúlás esetén"
"329";"waberer";"6769";"nudvardi";"0,5";"0,31";"2021-09-28 15:19:01";"2021-10-28 14:37:41";"2021-12-31 12:22:00";"2022-01-12 09:28:33";"mr";"Panoráma Otthonbiztosítás megszûnési idõpontja érdekmúlás esetén"
"330";"waberer";"6788";"ifok";"1";"0,63";"2021-10-15 12:41:50";"2022-01-14 14:07:43";"2022-01-31 13:15:00";"2022-02-01 06:33:27";"mr";"Bruno levelek átirányítása"
"331";"waberer";"6822";"jiszlai";"0";"1,53";"2021-11-25 16:28:43";"";"2021-12-31 15:26:00";"2022-01-03 15:26:51";"su";"14.12 verzió váltó"
"332";"waberer";"6827";"gyfeher";"0";"0,05";"2021-11-29 15:32:17";"";"2021-12-31 18:29:00";"2022-01-17 08:52:58";"su";"0006784: 15.1-es menüpont kiegészítése/felkészítése IGFB3-ra - folytatása"
"333";"waberer";"6827";"gyadamis";"0";"0,06";"2021-11-29 15:32:17";"";"2021-12-31 18:29:00";"2022-01-17 08:52:58";"su";"0006784: 15.1-es menüpont kiegészítése/felkészítése IGFB3-ra - folytatása"
"334";"waberer";"6828";"zbatta";"0";"0,01";"2021-11-30 08:37:42";"";"2021-12-31 09:07:00";"2022-01-07 09:08:04";"su";"t_financ_jutalek tábla"
"335";"waberer";"6831";"gyadamis";"0";"0,19";"2021-11-30 15:43:09";"";"2022-02-01 06:34:12";"2022-01-10 15:53:10";"su";"15.5 SZL adatok menüpont nem mûködik"
"336";"waberer";"6831";"nudvardi";"0";"0,02";"2021-11-30 15:43:09";"";"2022-02-01 06:34:12";"2022-01-10 15:53:10";"su";"15.5 SZL adatok menüpont nem mûködik"
"337";"waberer";"6835";"gyadamis";"0";"0,06";"2021-11-30 18:29:48";"";"2022-02-01 06:34:12";"2022-01-31 13:42:21";"hi";"KÁF betöltés hiba"
"338";"waberer";"6844";"gyadamis";"0";"0,13";"2021-12-07 15:06:17";"";"2021-12-31 09:08:00";"2022-01-07 09:08:31";"su";"Táblajogosultság  beállításkor ORA hibaüzenet"
"339";"waberer";"6850";"akoshuszti";"0,5";"0";"2021-12-10 11:06:26";"2022-01-03 12:03:57";"2022-01-16 10:39:00";"2022-01-05 18:08:43";"mr";"zöld kártya formátum változás"
"340";"waberer";"6851";"lkardos";"2";"0";"2021-12-10 14:18:41";"2021-12-13 08:57:56";"2021-12-31 10:35:00";"2022-01-03 12:29:38";"mr";"KGFB 2022.03.01"
"341";"waberer";"6852";"zmegyesi";"0";"0,75";"2021-12-11 09:49:37";"";"2022-01-04 14:01:35";"2022-01-04 13:51:46";"su";"MFI díjfizetési mód módosítás"
"342";"waberer";"6852";"nudvardi";"0";"0,04";"2021-12-11 09:49:37";"";"2022-01-04 14:01:35";"2022-01-04 13:51:46";"su";"MFI díjfizetési mód módosítás"
"343";"waberer";"6863";"ifok";"1";"0,41";"2021-12-17 10:45:10";"2021-12-20 06:21:50";"2021-12-31 19:11:00";"2022-01-04 14:01:12";"mr";"nyitó tartalék 2021"
"344";"waberer";"6868";"gyfeher";"0,1";"0,22";"2021-12-20 13:42:36";"2022-01-10 16:03:07";"2022-01-31 12:37:00";"2022-01-27 14:20:01";"mr";"BM - Jármûkategória"
"345";"waberer";"6868";"nudvardi";"0,2";"0";"2021-12-20 13:42:36";"2022-01-10 16:03:07";"2022-01-31 12:37:00";"2022-01-27 14:20:01";"mr";"BM - Jármûkategória"
"346";"waberer";"6868";"gyadamis";"0,3";"0,25";"2021-12-20 13:42:36";"2022-01-10 16:03:07";"2022-01-31 12:37:00";"2022-01-27 14:20:01";"mr";"BM - Jármûkategória"
"347";"waberer";"6870";"gyfeher";"0";"0,02";"2021-12-21 00:13:03";"";"2022-02-01 06:34:12";"2022-01-05 17:22:53";"su";"Havi zárás hibák - 2021.12.01."
"348";"waberer";"6871";"gyfeher";"0";"0,13";"2021-12-21 16:13:40";"";"2022-01-31 09:33:00";"2022-01-04 09:39:12";"su";"Kötvények újrajelentése_506-os hiba"
"349";"waberer";"6873";"jiszlai";"0";"0,02";"2021-12-22 19:28:04";"";"2022-01-03 15:39:50";"2021-12-23 12:56:37";"su";"Havi zárás hibák - 2022.01.01."
"350";"waberer";"6874";"gyfeher";"0";"0,38";"2021-12-23 10:46:34";"";"2022-01-28 17:49:00";"2022-01-27 14:20:50";"su";"IGFB_hibás üzenet újraküldése"
"351";"waberer";"6875";"jiszlai";"0";"0,94";"2021-12-23 13:54:01";"";"2022-01-31 06:32:00";"2022-02-01 06:33:02";"su";"15.01 verzió váltó"
"352";"waberer";"6876";"ifok";"0";"0,25";"2021-12-23 14:18:13";"";"2022-01-31 14:17:00";"2022-01-27 14:17:56";"su";"Jogalapi döntéshozó probléma"
"353";"waberer";"6881";"gyadamis";"0";"0,19";"2021-12-30 12:23:35";"";"2022-01-31 14:19:00";"2022-01-27 14:19:49";"su";"2.19. Kár irodai Szakértés Csoportok - Trigger hiba"
"354";"waberer";"6883";"lkardos";"0,5";"0";"2022-01-03 09:52:24";"2022-01-04 08:35:08";"2022-02-01 06:34:12";"2022-01-06 18:02:06";"mr";"KGFB fedezetlenségi díj - 2022"
"355";"waberer";"6888";"gyfeher";"0";"0,13";"2022-01-04 11:24:16";"";"2022-01-28 18:38:00";"2022-01-12 18:38:15";"su";"7728 Irányítószám alatti települések módosítása"
"356";"waberer";"6888";"nudvardi";"0";"0,02";"2022-01-04 11:24:16";"";"2022-01-28 18:38:00";"2022-01-12 18:38:15";"su";"7728 Irányítószám alatti települések módosítása"
"357";"waberer";"6891";"gyfeher";"0";"0,53";"2022-01-05 10:40:04";"";"2022-01-31 09:10:00";"2022-01-28 09:10:46";"su";"IGFB3_506_11602998"
"358";"waberer";"6894";"lkovacs";"0";"0,02";"2022-01-05 13:45:22";"";"2022-02-01 06:34:12";"2022-01-07 15:17:54";"su";"Táblák láthatatlansága"
"359";"waberer";"6896";"gyfeher";"0";"0,06";"2022-01-06 13:02:41";"";"2022-01-31 15:15:00";"2022-01-12 17:43:14";"su";"IGFB3_514_11623900"
"360";"waberer";"6897";"akoshuszti";"0,3";"0";"2022-01-07 13:09:35";"2022-01-10 10:40:11";"2022-01-31 22:06:00";"2022-01-20 16:58:17";"mr";"Káros aláírás Pásztor Ágnes részére"
"361";"waberer";"6899";"akoshuszti";"0,3";"0";"2022-01-10 10:32:24";"2022-01-11 08:24:38";"2022-01-20 16:57:00";"2022-01-20 16:57:35";"mr";"Káros aláírás Mráz Katalin részére"
"362";"waberer";"6900";"tgulacsi";"0";"0,01";"2022-01-10 10:41:43";"";"2022-01-31 12:36:00";"2022-02-04 08:46:22";"su";"VOLKSBANK módosítása SBERBANK-ra"
"363";"waberer";"6901";"ifok";"0";"0,07";"2022-01-11 09:09:00";"";"2022-01-31 10:02:00";"2022-01-24 10:03:04";"su";"Email kiküldésnél hiba"
"364";"waberer";"6902";"tgulacsi";"0";"0,5";"2022-01-11 10:02:59";"";"2022-01-31 13:44:00";"2022-01-17 13:45:05";"su";"KKTA 2021 Q4 hiba"
"365";"waberer";"6903";"gyfeher";"0";"0,03";"2022-01-11 11:46:54";"";"2022-01-31 08:29:00";"2022-01-26 09:41:22";"su";"IGFB3_514_11648696"
"366";"waberer";"6905";"ifok";"0";"0,15";"2022-01-17 10:35:33";"";"2022-01-31 14:19:00";"2022-01-27 14:19:18";"su";"trigger hiba káros kifizetésnél 1.5.3.2 menüpontban"
"367";"waberer";"6908";"nudvardi";"0";"0,02";"2022-01-19 13:30:48";"";"2022-01-31 15:49:00";"2022-01-27 14:19:30";"su";"Új közterület igénylése a címtörzsbe."
"368";"waberer";"6908";"gyfeher";"0";"0,25";"2022-01-19 13:30:48";"";"2022-01-31 15:49:00";"2022-01-27 14:19:30";"su";"Új közterület igénylése a címtörzsbe."
"369";"waberer";"6914";"tgulacsi";"0";"0,13";"2022-01-25 14:54:04";"";"2022-01-31 21:55:00";"2022-01-26 09:11:15";"su";"KKTA Q4 - fix kérés"
"370";"waberer";"6917";"ifok";"0";"0,13";"2022-01-26 10:42:28";"";"2022-01-31 14:18:00";"2022-01-27 14:18:34";"su";"szemle megrendelés_elakadt?"
"371";"waberer";"6919";"gyadamis";"0";"0,13";"2022-01-26 16:01:25";"";"2022-01-31 08:11:00";"2022-01-31 15:41:02";"su";"IGFB3_Elutasított ajánlat törlés jelentés"
